{
    "A": {
        "A": 0.35294117647058826,
        "C": 0.23529411764705882,
        "G": 0.23529411764705882,
        "T": 0.17647058823529413
    },
    "C": {
        "A": 0.7142857142857143,
        "C": 0.0,
        "G": 0.2857142857142857,
        "T": 0.0
    },
    "G": {
        "A": 0.25,
        "C": 0.125,
        "G": 0.25,
        "T": 0.375
    },
    "T": {
        "A": 0.2222222222222222,
        "C": 0.2222222222222222,
        "G": 0.5555555555555556,
        "T": 0.0
    }
}