{
    "mapping": {
        "A": "blue",
        "B": "brown",
        "C": "dog",
        "D": "fox",
        "E": "hello",
        "F": "jumps",
        "G": "lazy",
        "H": "moon",
        "I": "over",
        "J": "quick",
        "K": "sky",
        "L": "sun",
        "M": "the",
        "N": "world"
    },
    "transition_matrix": {
        "A": {
            "A": 0.0,
            "B": 0.0,
            "C": 0.0,
            "D": 0.0,
            "E": 0.0,
            "F": 0.0,
            "G": 0.0,
            "H": 0.0,
            "I": 0.0,
            "J": 0.0,
            "K": 0.5,
            "L": 0.0,
            "M": 0.5,
            "N": 0.0
        },
        "B": {
            "A": 0.0,
            "B": 0.0,
            "C": 0.25,
            "D": 0.25,
            "E": 0.25,
            "F": 0.25,
            "G": 0.0,
            "H": 0.0,
            "I": 0.0,
            "J": 0.0,
            "K": 0.0,
            "L": 0.0,
            "M": 0.0,
            "N": 0.0
        },
        "C": {
            "A": 0.0,
            "B": 0.3333333333333333,
            "C": 0.0,
            "D": 0.0,
            "E": 0.0,
            "F": 0.0,
            "G": 0.6666666666666666,
            "H": 0.0,
            "I": 0.0,
            "J": 0.0,
            "K": 0.0,
            "L": 0.0,
            "M": 0.0,
            "N": 0.0
        },
        "D": {
            "A": 0.14285714285714285,
            "B": 0.14285714285714285,
            "C": 0.0,
            "D": 0.0,
            "E": 0.0,
            "F": 0.0,
            "G": 0.0,
            "H": 0.14285714285714285,
            "I": 0.0,
            "J": 0.0,
            "K": 0.0,
            "L": 0.42857142857142855,
            "M": 0.0,
            "N": 0.14285714285714285
        },
        "E": {
            "A": 0.0,
            "B": 0.0,
            "C": 0.0,
            "D": 0.25,
            "E": 0.25,
            "F": 0.25,
            "G": 0.0,
            "H": 0.25,
            "I": 0.0,
            "J": 0.0,
            "K": 0.0,
            "L": 0.0,
            "M": 0.0,
            "N": 0.0
        },
        "F": {
            "A": 0.0,
            "B": 0.2,
            "C": 0.0,
            "D": 0.0,
            "E": 0.0,
            "F": 0.0,
            "G": 0.0,
            "H": 0.4,
            "I": 0.0,
            "J": 0.2,
            "K": 0.0,
            "L": 0.2,
            "M": 0.0,
            "N": 0.0
        },
        "G": {
            "A": 0.0,
            "B": 0.0,
            "C": 0.0,
            "D": 0.0,
            "E": 0.0,
            "F": 0.4,
            "G": 0.0,
            "H": 0.0,
            "I": 0.2,
            "J": 0.0,
            "K": 0.0,
            "L": 0.2,
            "M": 0.0,
            "N": 0.2
        },
        "H": {
            "A": 0.0,
            "B": 0.0,
            "C": 0.0,
            "D": 0.16666666666666666,
            "E": 0.3333333333333333,
            "F": 0.0,
            "G": 0.0,
            "H": 0.0,
            "I": 0.16666666666666666,
            "J": 0.0,
            "K": 0.0,
            "L": 0.16666666666666666,
            "M": 0.0,
            "N": 0.16666666666666666
        },
        "I": {
            "A": 0.2,
            "B": 0.0,
            "C": 0.0,
            "D": 0.4,
            "E": 0.0,
            "F": 0.0,
            "G": 0.2,
            "H": 0.0,
            "I": 0.2,
            "J": 0.0,
            "K": 0.0,
            "L": 0.0,
            "M": 0.0,
            "N": 0.0
        },
        "J": {
            "A": 0.0,
            "B": 0.0,
            "C": 0.0,
            "D": 0.5,
            "E": 0.0,
            "F": 0.0,
            "G": 0.0,
            "H": 0.0,
            "I": 0.0,
            "J": 0.0,
            "K": 0.0,
            "L": 0.0,
            "M": 0.0,
            "N": 0.5
        },
        "K": {
            "A": 0.0,
            "B": 0.0,
            "C": 0.0,
            "D": 0.0,
            "E": 0.0,
            "F": 0.0,
            "G": 0.0,
            "H": 0.0,
            "I": 0.3333333333333333,
            "J": 0.0,
            "K": 0.3333333333333333,
            "L": 0.0,
            "M": 0.3333333333333333,
            "N": 0.0
        },
        "L": {
            "A": 0.0,
            "B": 0.125,
            "C": 0.25,
            "D": 0.0,
            "E": 0.0,
            "F": 0.125,
            "G": 0.0,
            "H": 0.125,
            "I": 0.125,
            "J": 0.125,
            "K": 0.0,
            "L": 0.125,
            "M": 0.0,
            "N": 0.0
        },
        "M": {
            "A": 0.0,
            "B": 0.0,
            "C": 0.0,
            "D": 0.5,
            "E": 0.0,
            "F": 0.0,
            "G": 0.0,
            "H": 0.0,
            "I": 0.0,
            "J": 0.0,
            "K": 0.5,
            "L": 0.0,
            "M": 0.0,
            "N": 0.0
        },
        "N": {
            "A": 0.0,
            "B": 0.0,
            "C": 0.0,
            "D": 0.0,
            "E": 0.0,
            "F": 0.0,
            "G": 0.5,
            "H": 0.25,
            "I": 0.0,
            "J": 0.0,
            "K": 0.0,
            "L": 0.25,
            "M": 0.0,
            "N": 0.0
        }
    }
}